{
  "Meningioma": {
    "precision": 0.46360153256704983,
    "recall": 0.8545197740112994,
    "f1-score": 0.6010928961748634,
    "support": 708.0
  },
  "Glioma": {
    "precision": 0.9072681704260651,
    "recall": 0.761570827489481,
    "f1-score": 0.8280594738848647,
    "support": 1426.0
  },
  "Pituitary": {
    "precision": 0.7206405693950177,
    "recall": 0.43548387096774194,
    "f1-score": 0.5428954423592494,
    "support": 930.0
  },
  "accuracy": 0.6840731070496083,
  "macro avg": {
    "precision": 0.6971700907960443,
    "recall": 0.6838581574895075,
    "f1-score": 0.6573492708063258,
    "support": 3064.0
  },
  "weighted avg": {
    "precision": 0.7481037942631877,
    "recall": 0.6840731070496083,
    "f1-score": 0.6890598373517371,
    "support": 3064.0
  }
}