{
  "accuracy": 0.9412724306688418,
  "f1_macro": 0.9385985263979014
}