{
  "Meningioma": {
    "precision": 0.4494047619047619,
    "recall": 0.8531073446327684,
    "f1-score": 0.5886939571150097,
    "support": 708.0
  },
  "Glioma": {
    "precision": 0.8880895283772982,
    "recall": 0.7791023842917251,
    "f1-score": 0.8300336197235711,
    "support": 1426.0
  },
  "Pituitary": {
    "precision": 0.7228144989339019,
    "recall": 0.36451612903225805,
    "f1-score": 0.48463187991422446,
    "support": 930.0
  },
  "accuracy": 0.6703655352480418,
  "macro avg": {
    "precision": 0.6867695964053206,
    "recall": 0.6655752859855838,
    "f1-score": 0.6344531522509351,
    "support": 3064.0
  },
  "weighted avg": {
    "precision": 0.7365573508169477,
    "recall": 0.6703655352480418,
    "f1-score": 0.6694291487217585,
    "support": 3064.0
  }
}