{
  "Meningioma": {
    "precision": 0.9872881355932204,
    "recall": 0.9872881355932204,
    "f1-score": 0.9872881355932204,
    "support": 708.0
  },
  "Glioma": {
    "precision": 0.9943938332165382,
    "recall": 0.9950911640953717,
    "f1-score": 0.9947423764458465,
    "support": 1426.0
  },
  "Pituitary": {
    "precision": 0.9967707212055974,
    "recall": 0.9956989247311828,
    "f1-score": 0.9962345346960731,
    "support": 930.0
  },
  "accuracy": 0.9934725848563969,
  "macro avg": {
    "precision": 0.992817563338452,
    "recall": 0.9926927414732583,
    "f1-score": 0.9927550155783801,
    "support": 3064.0
  },
  "weighted avg": {
    "precision": 0.9934733606031296,
    "recall": 0.9934725848563969,
    "f1-score": 0.9934728283548058,
    "support": 3064.0
  }
}