{
  "accuracy": 0.9168026101141925,
  "f1_macro": 0.9102100964169931
}