{
  "Meningioma": {
    "precision": 0.4513888888888889,
    "recall": 0.826271186440678,
    "f1-score": 0.5838323353293413,
    "support": 708.0
  },
  "Glioma": {
    "precision": 0.8789514263685428,
    "recall": 0.7994389901823282,
    "f1-score": 0.8373117884686008,
    "support": 1426.0
  },
  "Pituitary": {
    "precision": 0.7707006369426752,
    "recall": 0.3903225806451613,
    "f1-score": 0.5182012847965739,
    "support": 930.0
  },
  "accuracy": 0.6814621409921671,
  "macro avg": {
    "precision": 0.7003469840667024,
    "recall": 0.6720109190893891,
    "f1-score": 0.6464484695315053,
    "support": 3064.0
  },
  "weighted avg": {
    "precision": 0.7472975390638261,
    "recall": 0.6814621409921671,
    "f1-score": 0.681882212346675,
    "support": 3064.0
  }
}