{
  "accuracy": 0.9363784665579119,
  "f1_macro": 0.9339625702708135
}