{
  "avg_accuracy": 0.9288429346725098,
  "std_accuracy": 0.016086131005922884,
  "avg_f1_macro": 0.9219510813365167,
  "std_f1_macro": 0.020361109107559092,
  "timestamp": "2025-11-15T17:01:48.511081"
}