{
  "accuracy": 0.9035947712418301,
  "f1_macro": 0.8873148141614321
}