{
  "Meningioma": {
    "precision": 0.4815686274509804,
    "recall": 0.867231638418079,
    "f1-score": 0.6192637418053455,
    "support": 708.0
  },
  "Glioma": {
    "precision": 0.8994229183841714,
    "recall": 0.7650771388499299,
    "f1-score": 0.8268283440697234,
    "support": 1426.0
  },
  "Pituitary": {
    "precision": 0.7552083333333334,
    "recall": 0.46774193548387094,
    "f1-score": 0.5776892430278885,
    "support": 930.0
  },
  "accuracy": 0.6984334203655352,
  "macro avg": {
    "precision": 0.712066626389495,
    "recall": 0.7000169042506266,
    "f1-score": 0.6745937763009858,
    "support": 3064.0
  },
  "weighted avg": {
    "precision": 0.7590964164004969,
    "recall": 0.6984334203655352,
    "f1-score": 0.7032463915984158,
    "support": 3064.0
  }
}