{
  "Meningioma": {
    "precision": 0.4209354120267261,
    "recall": 0.8008474576271186,
    "f1-score": 0.5518248175182482,
    "support": 708.0
  },
  "Glioma": {
    "precision": 0.8426323319027181,
    "recall": 0.8260869565217391,
    "f1-score": 0.8342776203966006,
    "support": 1426.0
  },
  "Pituitary": {
    "precision": 0.8307210031347962,
    "recall": 0.2849462365591398,
    "f1-score": 0.4243394715772618,
    "support": 930.0
  },
  "accuracy": 0.6560052219321149,
  "macro avg": {
    "precision": 0.6980962490214134,
    "recall": 0.6372935502359992,
    "f1-score": 0.6034806364973702,
    "support": 3064.0
  },
  "weighted avg": {
    "precision": 0.7415752316982894,
    "recall": 0.6560052219321149,
    "f1-score": 0.6445847147700149,
    "support": 3064.0
  }
}