{
  "accuracy": 0.9461663947797716,
  "f1_macro": 0.9396693994354433
}